{"df_mean": {"aluminium": 0.6656811920861507, "ammonia": 14.296140746306037, "arsenic": 0.16100801402454296, "barium": 1.5660618582519408, "cadmium": 0.042744302529426494, "chloramine": 2.17606937139995, "chromium": 0.24702854996243426, "copper": 0.8060180315552217, "flouride": 0.771725519659404, "bacteria": 0.3195003756574004, "viruses": 0.32822865013774105, "lead": 0.09947871274730781, "nitrates": 9.816521412471827, "nitrites": 1.3292837465564737, "mercury": 0.0051900826446281, "perchlorate": 16.463139243676434, "radium": 2.917436764337591, "selenium": 0.04969070874029551, "silver": 0.14764588029050837, "uranium": 0.044668169296268476}, "df_std": {"aluminium": 1.265231307817333, "ammonia": 8.870009164287962, "arsenic": 0.25224397684705396, "barium": 1.214996414075741, "cadmium": 0.036022013491066034, "chloramine": 2.5671491761523506, "chromium": 0.27061676985927546, "copper": 0.6533974764008468, "flouride": 0.4355379176237722, "bacteria": 0.3294267247818322, "viruses": 0.37807252859703466, "lead": 0.05813806562968713, "nitrates": 5.542969814100548, "nitrites": 0.5733132678318617, "mercury": 0.0029671010657810627, "perchlorate": 17.69434154694963, "radium": 2.322174736728065, "selenium": 0.02878055083773237, "silver": 0.14352208950284032, "uranium": 0.026901733674978792}, "weights": [0.31835501923380966, -0.02191073217901385, -0.2015182498285254, 0.09894881251148233, -0.2908420959288773, 0.2119902572920679, 0.19158745598828417, 0.037434980255273406, 0.007119324567758616, -0.020602990969194032, -0.11277263385026093, -0.008496879429497662, -0.07293140631206708, 0.029698092881529102, -0.03723705499876336, 0.12859236777276373, 0.07049735168305299, -0.028854565565042317, 0.10266565750491559, -0.07461220314703523]}